Workbook

Sheet COVER
I3: LAPORAN PROGRESS MINGGUAN
I4: (WEEKLY PROGRESS REPORT)
E5: NOMOR SURAT PERINTAH KERJA : | K5: 35/PBJ.12/01-01/08.26
C11: Semen Indonesia Foundation | P11: PT. KONSULTA SEMEN GRESIK
D14: PEKERJAAN ASESMENT KAMPUS B UNIVERSITAS INTERNASIONAL SEMEN INDONESIA
D17: PEKERJAAN MINGGU KE : I (SATU) | M17: MASA PELAKSANAAN PEKERJAAN
D18: TANGGAL PERIODE | F18: : | G18: =P18 -> 18/8/2026 | H18: S/D | I18: 23/8/2026 | M18: TANGGAL KONTRAK | O18: : | P18: 18/8/2026 | Q18: s.d. | R18: 31/10/2026
D19: PLANT PROGRESS | F19: : | H19: % | M19: MASA PELAKSANAAN | O19: : | P19: 60 | Q19: Hari | AB19: hemia
D20: ACTUAL PROGRESS | F20: : | H20: % | M20: WAKTU PELAKSANAAN | O20: : | Q20: Hari | AB20: dimas
D21: DEVIASI | F21: : | H21: % | M21: SISA WAKTU | O21: : | Q21: Hari | AB21: agus wiyanto
D22: LEBIH CEPAT | F22: : | H22: % | AB22: yusuf
D23: TERLAMBAT | F23: : | G23: 0 | H23: % | M23: RENCANA PEKERJAAN MINGGU KE : 2 (DUA) | AB23: saiful flah
M24: 1. | AB24: rival al hafiz
D25: CATATAN KENDALA / KETERLAMBATAN | M25: 2.
M26: 3.
M27: 4.
M28: 5.
M29: 6.
D31: Disetujui oleh | J31: Diperiksa oleh, | P31: Gresik, xxxxxxxxxx
D32: Semen Indonesia Foundation | J32: Semen Indonesia Foundation | P32: PT Konsulta Semen Gresik
D36: ( Achmad Fauzan, SE.,MM ) | J36: ( Febrina Puspita Sari ) | P36: ( Satriawan Gigih Pideksa )
D37: GM HC & GA, Sarana, Governansi & Internal Audit | J37: Kadiv. Perencanaan Pengadaan dan Sarana Prasarana | P37: Team Leader

Sheet CURVA S
V4: PT Konsulta Semen Gresik
C5: =COVER!$C$11 -> Semen Indonesia Foundation
B7: REALISASI PEKERJAAN
C8: PEKERJAAN | D8: : | E8: =COVER!D14 -> PEKERJAAN ASESMENT KAMPUS B UNIVERSITAS INTERNASIONAL SEMEN INDONESIA | V8: Minggu ke : VI
C9: KONTRAKTOR | D9: : | E9: PT Konsulta Semen Gresik | V9: Tanggal: 19 Agustus 2024 - 25 Agustus 2024
C10: NOMOR WO/SP | D10: : | E10: =COVER!L5 -> 0
B11: NO | C11: URAIAN PEKERJAAN | D11: BOBOT | E11: RENC/ | G11: 2024 | U11: % | V11: KETERANGAN
G12: Bulan I | K12: Bulan II | O12: Bulan III | S12: Bulan IV
D14: (%) | E14: REAL | G14: 1 | H14: =G14+1 -> 2 | I14: =H14+1 -> 3 | J14: =I14+1 -> 4 | K14: 5 | L14: 6 | M14: =L14+1 -> 7 | N14: =M14+1 -> 8 | O14: 9 | P14: =O14+1 -> 10 | Q14: =P14+1 -> 11 | R14: =Q14+1 -> 12 | S14: =R14+1 -> 13 | T14: =S14+1 -> 14
B15: I | C15: PERSONEL
B16: 1 | C16: Team Leader | D16: 5 | E16: 5 | G16: =E16/14 -> 0.35714286 | H16: =G16 -> 0.35714286 | I16: =H16 -> 0.35714286 | J16: =I16 -> 0.35714286 | K16: =J16 -> 0.35714286 | L16: =K16 -> 0.35714286 | M16: =L16 -> 0.35714286 | N16: =M16 -> 0.35714286 | O16: =N16 -> 0.35714286 | ... T16: =S16 -> 0.35714286 | U16: 100 | V16: CUT OFF : | AA16: =SUM(G16:T16) -> 5
G17: =G16 -> 0.35714286 | H17: =H16 -> 0.35714286 | I17: =I16 -> 0.35714286 | J17: =J16 -> 0.35714286 | K17: =K16 -> 0.35714286 | L17: =L16 -> 0.35714286 | AA17: =SUM(G17:T17) -> 2.1428571
B18: 2 | C18: Pengawas Konstruksi Sipil | D18: 20 | E18: 20 | H18: =D18/10 -> 2 | I18: =H18 -> 2 | J18: =I18 -> 2 | K18: =J18 -> 2 | L18: =K18 -> 2 | M18: =L18 -> 2 | N18: =M18 -> 2 | O18: =N18 -> 2 | P18: =O18 -> 2 | Q18: =P18 -> 2 | V18: Minggu I: | W18: 45490 | X18: - | Y18: =W18+4 -> 45494 | AA18: =SUM(G18:T18) -> 20
G19: 2 | H19: =H18 -> 2 | I19: =I18 -> 2 | J19: =J18 -> 2 | K19: =10%*K18 -> 0.2 | L19: =L18*95% -> 1.9 | V19: Minggu II: | W19: =Y18+1 -> 45495 | X19: - | Y19: =Y18+7 -> 45501 | AA19: =SUM(G19:T19) -> 10.1
B20: 3 | C20: Pengawas Konstruksi Electrical | D20: 20 | E20: 20 | K20: =D20/8 -> 2.5 | L20: =K20 -> 2.5 | M20: =L20 -> 2.5 | N20: =M20 -> 2.5 | O20: =N20 -> 2.5 | P20: =O20 -> 2.5 | Q20: =P20 -> 2.5 | R20: =Q20 -> 2.5 | V20: Minggu III: | W20: =Y19+1 -> 45502 | X20: - | Y20: =Y19+7 -> 45508 | AA20: =SUM(G20:T20) -> 20
G21: 2.5 | H21: =K20 -> 2.5 | I21: =K20*25% -> 0.625 | J21: =K20*25% -> 0.625 | K21: =5%*K20 -> 0.125 | L21: =L20*50% -> 1.25 | V21: Minggu IV: | W21: =Y20+1 -> 45509 | X21: - | Y21: =Y20+7 -> 45515 | AA21: =SUM(G21:T21) -> 7.625
B22: 4 | C22: Safety Officer | D22: 20 | E22: 20 | G22: =E22/14 -> 1.4285714 | H22: =G22 -> 1.4285714 | I22: =H22 -> 1.4285714 | J22: =I22 -> 1.4285714 | K22: =J22 -> 1.4285714 | L22: =K22 -> 1.4285714 | M22: =L22 -> 1.4285714 | N22: =M22 -> 1.4285714 | O22: =N22 -> 1.4285714 | ... T22: =S22 -> 1.4285714 | V22: Minggu V: | W22: =Y21+1 -> 45516 | X22: - | Y22: =Y21+7 -> 45522 | AA22: =SUM(G22:T22) -> 20
G23: 1.43 | H23: =H22 -> 1.4285714 | I23: =I22 -> 1.4285714 | J23: =J22 -> 1.4285714 | K23: =K22 -> 1.4285714 | L23: =L22 -> 1.4285714 | V23: Minggu VI: | W23: =Y22+1 -> 45523 | X23: - | Y23: =Y22+7 -> 45529 | AA23: =SUM(G23:T23) -> 8.5728571
B24: 5 | C24: Project Control & Reporting Officer | D24: 5 | E24: 5 | G24: =E24/14 -> 0.35714286 | H24: =G24 -> 0.35714286 | I24: =H24 -> 0.35714286 | J24: =I24 -> 0.35714286 | K24: =J24 -> 0.35714286 | L24: =K24 -> 0.35714286 | M24: =L24 -> 0.35714286 | N24: =M24 -> 0.35714286 | O24: =N24 -> 0.35714286 | ... T24: =S24 -> 0.35714286 | V24: Minggu VII: | W24: =Y23+1 -> 45530 | X24: - | Y24: =Y23+7 -> 45536 | AA24: =SUM(G24:T24) -> 5
G25: 0.36 | H25: =H24 -> 0.35714286 | I25: =I24 -> 0.35714286 | J25: =J24 -> 0.35714286 | K25: =K24 -> 0.35714286 | L25: =L24 -> 0.35714286 | U25: 50 | V25: Minggu VI: | W25: =Y24+1 -> 45537 | X25: - | Y25: =Y24+7 -> 45543 | AA25: =SUM(G25:T25) -> 2.1457143
B26: II | C26: TOOLS | V26: Minggu VII: | W26: =Y25+1 -> 45544 | X26: - | Y26: =Y25+7 -> 45550
B27: 1 | C27: Laporan | D27: 5 | E27: 5 | G27: =E27/14 -> 0.35714286 | H27: =G27 -> 0.35714286 | I27: =H27 -> 0.35714286 | J27: =I27 -> 0.35714286 | K27: =J27 -> 0.35714286 | L27: =K27 -> 0.35714286 | M27: =L27 -> 0.35714286 | N27: =M27 -> 0.35714286 | O27: =N27 -> 0.35714286 | ... T27: =S27 -> 0.35714286 | V27: Minggu VIII: | W27: =Y26+1 -> 45551 | X27: - | Y27: =Y26+7 -> 45557 | AA27: =SUM(G27:T27) -> 5
G28: 0.36 | H28: =H27 -> 0.35714286 | I28: =I27 -> 0.35714286 | J28: =J27 -> 0.35714286 | K28: =K27 -> 0.35714286 | L28: =L27 -> 0.35714286 | V28: Minggu IX: | W28: =Y27+1 -> 45558 | X28: - | Y28: =Y27+7 -> 45564 | AA28: =SUM(G28:T28) -> 2.1457143
B29: III | C29: MOBILISASI & DEMOBILISASI | V29: Minggu X: | W29: =Y28+1 -> 45565 | X29: - | Y29: =Y28+7 -> 45571
B30: 1 | C30: Transportasi | D30: 25 | E30: 25 | G30: =E30/14 -> 1.7857143 | H30: =G30 -> 1.7857143 | I30: =H30 -> 1.7857143 | J30: =I30 -> 1.7857143 | K30: =J30 -> 1.7857143 | L30: =K30 -> 1.7857143 | M30: =L30 -> 1.7857143 | N30: =M30 -> 1.7857143 | O30: =N30 -> 1.7857143 | ... T30: =S30 -> 1.7857143 | V30: Minggu XI: | W30: =Y29+1 -> 45572 | X30: - | Y30: =Y29+7 -> 45578 | AA30: =SUM(G30:T30) -> 25
G31: =G30 -> 1.7857143 | H31: =H30 -> 1.7857143 | I31: =I30*25% -> 0.44642857 | J31: =J30*25% -> 0.44642857 | K31: =K30 -> 1.7857143 | L31: =L30 -> 1.7857143 | V31: Minggu XII: | W31: =Y30+1 -> 45579 | X31: - | Y31: =Y30+7 -> 45585 | AA31: =SUM(G31:T31) -> 8.0357143
V32: Minggu XIII: | W32: =Y31+1 -> 45586 | X32: - | Y32: =Y31+7 -> 45592
V33: Minggu XIV: | W33: =Y32+1 -> 45593 | X33: - | Y33: =W33+3 -> 45596
C36: GRAND TOTAL | D36: =D30+D27+D24+D22+D20+D18+D16 -> 100
C37: TARGET RENCANA | G37: =G30+G27+G24+G22+G16+G18+G20 -> 4.2857143 | H37: =H30+H27+H24+H22+H16+H18+H20 -> 6.2857143 | I37: =I30+I27+I24+I22+I16+I18+I20 -> 6.2857143 | J37: =J30+J27+J24+J22+J16+J18+J20 -> 6.2857143 | K37: =K30+K27+K24+K22+K16+K18+K20 -> 8.7857143 | L37: =L30+L27+L24+L22+L16+L18+L20 -> 8.7857143 | M37: =M30+M27+M24+M22+M16+M18+M20 -> 8.7857143 | N37: =N30+N27+N24+N22+N16+N18+N20 -> 8.7857143 | ... T37: =T30+T27+T24+T22+T16+T18+T20 -> 4.2857143
C38: TARGET RENCANA KUMULATIF | E38: 0 | F38: 0 | G38: =D38+G37 -> 4.2857143 | H38: =G38+H37 -> 10.571429 | I38: =H38+I37 -> 16.857143 | J38: =I38+J37 -> 23.142857 | K38: =J38+K37 -> 31.928571 | L38: =K38+L37 -> 40.714286 | M38: =L38+M37 -> 49.5 | N38: =M38+N37 -> 58.285714 | O38: =N38+O37 -> 67.071429 | ... T38: =S38+T37 -> 100
C39: REALISASI PENCAPAIAN | G39: =G31+G28+G25+G23+G21+G19+G17 -> 8.7928571 | H39: =H31+H28+H25+H23+H21+H19+H17 -> 8.7857143 | I39: =I31+I28+I25+I23+I21+I19+I17 -> 5.5714286 | J39: =J31+J28+J25+J23+J21+J19+J17 -> 5.5714286 | K39: =K31+K28+K25+K23+K21+K19+K17 -> 4.6107143 | L39: =L31+L28+L25+L23+L21+L19+L17 -> 7.4357143
C40: REALISASI PENCAPAIAN KUMULATIF | E40: 0 | F40: 0 | G40: =G31+G28+G25+G23+G21+G19+G17 -> 8.7928571 | H40: =G40+H39 -> 17.578571 | I40: =H40+I39 -> 23.15 | J40: =I40+J39 -> 28.721429 | K40: =J40+K39 -> 33.332143 | L40: =K40+L39 -> 40.767857
C41: SELISIH (+/-) | G41: =G40-G38 -> 4.5071429 | H41: =H40-H38 -> 7.0071429 | I41: =I40-I38 -> 6.2928571 | J41: =J40-J38 -> 5.5785714 | K41: =K40-K38 -> 1.4035714 | L41: =L40-L38 -> 0.053571429
C44: Disetujui oleh, | H44: Diperiksa oleh, | U44: Gresik, | V44: =COVER!I18 -> 23/8/2026
C45: PT Industri Kemasan Semen Gresik (IKSG) | H45: PT Industri Kemasan Semen Gresik (IKSG) | U45: PT Konsulta Semen Gresik
C52: ( Nalendra Permana, ST) | H52: ( Sunarno, ST ) | U52: ( Ir. Hartono )
C53: GM of Production | H53: SM of Maintenance | U53: Direktur

Sheet CURVA S (2)
W4: PT Konsulta Semen Gresik
C5: =COVER!$C$11 -> Semen Indonesia Foundation
B7: REALISASI PEKERJAAN
C8: PEKERJAAN | D8: : | E8: =COVER!D14 -> PEKERJAAN ASESMENT KAMPUS B UNIVERSITAS INTERNASIONAL SEMEN INDONESIA | W8: Minggu ke : VIII
C9: KONTRAKTOR | D9: : | E9: PT Konsulta Semen Gresik | W9: Tanggal: 02 September - 08 September 2024
C10: NOMOR WO/SP | D10: : | E10: =COVER!L5 -> 0
B11: NO | C11: URAIAN PEKERJAAN | D11: BOBOT | E11: RENC/ | G11: 2024 | U11: % | W11: KETERANGAN
G12: Bulan I | K12: Bulan II | O12: Bulan III | S12: Bulan IV
D14: (%) | E14: REAL | G14: 1 | H14: =G14+1 -> 2 | I14: =H14+1 -> 3 | J14: =I14+1 -> 4 | K14: 5 | L14: 6 | M14: =L14+1 -> 7 | N14: =M14+1 -> 8 | O14: 9 | P14: =O14+1 -> 10 | Q14: =P14+1 -> 11 | R14: =Q14+1 -> 12 | S14: =R14+1 -> 13 | T14: =S14+1 -> 14
B15: I | C15: PERSONEL
B16: 1 | C16: Team Leader | D16: 5 | E16: 5 | G16: =E16/14 -> 0.35714286 | H16: =G16 -> 0.35714286 | I16: =H16 -> 0.35714286 | J16: =I16 -> 0.35714286 | K16: =J16 -> 0.35714286 | L16: =K16 -> 0.35714286 | M16: =L16 -> 0.35714286 | N16: =M16 -> 0.35714286 | O16: =N16 -> 0.35714286 | ... T16: =S16 -> 0.35714286 | U16: 100 | V16: =SUM(G16:T16) -> 5 | W16: CUT OFF : | AB16: =SUM(G16:T16) -> 5
G17: =G16 -> 0.35714286 | H17: =H16 -> 0.35714286 | I17: =I16 -> 0.35714286 | J17: =J16 -> 0.35714286 | K17: =K16 -> 0.35714286 | L17: =L16 -> 0.35714286 | M17: =M16 -> 0.35714286 | N17: =N16 -> 0.35714286 | V17: =SUM(G17:T17) -> 2.8571429 | AB17: =SUM(G17:T17) -> 2.8571429
B18: 2 | C18: Pengawas Konstruksi Sipil | D18: 20 | E18: 20 | H18: =D18/10 -> 2 | I18: =H18 -> 2 | J18: =I18 -> 2 | K18: =J18 -> 2 | L18: =K18 -> 2 | M18: =L18 -> 2 | N18: =M18 -> 2 | O18: =N18 -> 2 | P18: =O18 -> 2 | Q18: =P18 -> 2 | V18: =SUM(G18:T18) -> 20 | W18: Minggu I: | X18: 45490 | Y18: - | Z18: =X18+4 -> 45494 | AB18: =SUM(G18:T18) -> 20
G19: 2 | H19: =H18 -> 2 | I19: =I18 -> 2 | J19: =J18 -> 2 | K19: =10%*K18 -> 0.2 | L19: 2 | M19: =M18 -> 2 | N19: =N18 -> 2 | V19: =SUM(G19:T19) -> 14.2 | W19: Minggu II: | X19: =Z18+1 -> 45495 | Y19: - | Z19: =Z18+7 -> 45501 | AB19: =SUM(G19:T19) -> 14.2
B20: 3 | C20: Pengawas Konstruksi Electrical | D20: 20 | E20: 20 | K20: =D20/8 -> 2.5 | L20: =K20 -> 2.5 | M20: =L20 -> 2.5 | N20: =M20 -> 2.5 | O20: =N20 -> 2.5 | P20: =O20 -> 2.5 | Q20: =P20 -> 2.5 | R20: =Q20 -> 2.5 | V20: =SUM(G20:T20) -> 20 | W20: Minggu III: | X20: =Z19+1 -> 45502 | Y20: - | Z20: =Z19+7 -> 45508 | AB20: =SUM(G20:T20) -> 20
G21: 2.5 | H21: =K20 -> 2.5 | I21: =K20*25% -> 0.625 | J21: =K20*25% -> 0.625 | K21: =5%*K20 -> 0.125 | L21: =L20*45% -> 1.125 | M21: =M20 -> 2.5 | N21: =N20 -> 2.5 | V21: =SUM(G21:T21) -> 12.5 | W21: Minggu IV: | X21: =Z20+1 -> 45509 | Y21: - | Z21: =Z20+7 -> 45515 | AB21: =SUM(G21:T21) -> 12.5
B22: 4 | C22: Safety Officer | D22: 20 | E22: 20 | G22: =E22/14 -> 1.4285714 | H22: =G22 -> 1.4285714 | I22: =H22 -> 1.4285714 | J22: =I22 -> 1.4285714 | K22: =J22 -> 1.4285714 | L22: =K22 -> 1.4285714 | M22: =L22 -> 1.4285714 | N22: =M22 -> 1.4285714 | O22: =N22 -> 1.4285714 | ... T22: =S22 -> 1.4285714 | V22: =SUM(G22:T22) -> 20 | W22: Minggu V: | X22: =Z21+1 -> 45516 | Y22: - | Z22: =Z21+7 -> 45522 | AB22: =SUM(G22:T22) -> 20
G23: 1.43 | H23: =H22 -> 1.4285714 | I23: =I22 -> 1.4285714 | J23: =J22 -> 1.4285714 | K23: =K22 -> 1.4285714 | L23: =L22 -> 1.4285714 | M23: =M22 -> 1.4285714 | N23: =N22 -> 1.4285714 | V23: =SUM(G23:T23) -> 11.43 | W23: Minggu VI: | X23: =Z22+1 -> 45523 | Y23: - | Z23: =Z22+7 -> 45529 | AB23: =SUM(G23:T23) -> 11.43
B24: 5 | C24: Project Control & Reporting Officer | D24: 5 | E24: 5 | G24: =E24/14 -> 0.35714286 | H24: =G24 -> 0.35714286 | I24: =H24 -> 0.35714286 | J24: =I24 -> 0.35714286 | K24: =J24 -> 0.35714286 | L24: =K24 -> 0.35714286 | M24: =L24 -> 0.35714286 | N24: =M24 -> 0.35714286 | O24: =N24 -> 0.35714286 | ... T24: =S24 -> 0.35714286 | V24: =SUM(G24:T24) -> 5 | W24: Minggu VII: | X24: =Z23+1 -> 45530 | Y24: - | Z24: =Z23+7 -> 45536 | AB24: =SUM(G24:T24) -> 5
G25: 0.36 | H25: =H24 -> 0.35714286 | I25: =I24 -> 0.35714286 | J25: =J24 -> 0.35714286 | K25: =K24 -> 0.35714286 | L25: =L24 -> 0.35714286 | M25: =M24 -> 0.35714286 | N25: =N24 -> 0.35714286 | U25: 50 | V25: =SUM(G25:T25) -> 2.86 | W25: Minggu VIII: | X25: =Z24+1 -> 45537 | Y25: - | Z25: =Z24+7 -> 45543 | AB25: =SUM(G25:T25) -> 2.86
B26: II | C26: TOOLS | W26: Minggu IX: | X26: =Z25+1 -> 45544 | Y26: - | Z26: =Z25+7 -> 45550
B27: 1 | C27: Laporan | D27: 5 | E27: 5 | G27: =E27/14 -> 0.35714286 | H27: =G27 -> 0.35714286 | I27: =H27 -> 0.35714286 | J27: =I27 -> 0.35714286 | K27: =J27 -> 0.35714286 | L27: =K27 -> 0.35714286 | M27: =L27 -> 0.35714286 | N27: =M27 -> 0.35714286 | O27: =N27 -> 0.35714286 | ... T27: =S27 -> 0.35714286 | V27: =SUM(G27:T27) -> 5 | W27: Minggu X: | X27: =Z26+1 -> 45551 | Y27: - | Z27: =Z26+7 -> 45557 | AB27: =SUM(G27:T27) -> 5
G28: 0.36 | H28: =H27 -> 0.35714286 | I28: =I27 -> 0.35714286 | J28: =J27 -> 0.35714286 | K28: =K27 -> 0.35714286 | L28: =L27 -> 0.35714286 | M28: =M27 -> 0.35714286 | N28: =N27 -> 0.35714286 | V28: =SUM(G28:T28) -> 2.86 | W28: Minggu XI: | X28: =Z27+1 -> 45558 | Y28: - | Z28: =Z27+7 -> 45564 | AB28: =SUM(G28:T28) -> 2.86
B29: III | C29: MOBILISASI & DEMOBILISASI | W29: Minggu XII: | X29: =Z28+1 -> 45565 | Y29: - | Z29: =Z28+7 -> 45571
B30: 1 | C30: Transportasi | D30: 25 | E30: 25 | G30: =E30/14 -> 1.7857143 | H30: =G30 -> 1.7857143 | I30: =H30 -> 1.7857143 | J30: =I30 -> 1.7857143 | K30: =J30 -> 1.7857143 | L30: =K30 -> 1.7857143 | M30: =L30 -> 1.7857143 | N30: =M30 -> 1.7857143 | O30: =N30 -> 1.7857143 | ... T30: =S30 -> 1.7857143 | V30: =SUM(G30:T30) -> 25 | W30: Minggu XIII: | X30: =Z29+1 -> 45572 | Y30: - | Z30: =Z29+7 -> 45578 | AB30: =SUM(G30:T30) -> 25
G31: =G30 -> 1.7857143 | H31: =H30 -> 1.7857143 | I31: =I30*25% -> 0.44642857 | J31: =J30*25% -> 0.44642857 | K31: =K30 -> 1.7857143 | L31: =L30 -> 1.7857143 | M31: =M30 -> 1.7857143 | N31: =N30 -> 1.7857143 | V31: =SUM(G31:T31) -> 11.607143 | W31: Minggu XIV: | X31: =Z30+1 -> 45579 | Y31: - | Z31: =Z30+7 -> 45585 | AB31: =SUM(G31:T31) -> 11.607143
W32: Minggu XV: | X32: =Z31+1 -> 45586 | Y32: - | Z32: =Z31+7 -> 45592
W33: Minggu XVI: | X33: =Z32+1 -> 45593 | Y33: - | Z33: =X33+3 -> 45596
C36: GRAND TOTAL | D36: =D30+D27+D24+D22+D20+D18+D16 -> 100
C37: TARGET RENCANA | G37: =G30+G27+G24+G22+G16+G18+G20 -> 4.2857143 | H37: =H30+H27+H24+H22+H16+H18+H20 -> 6.2857143 | I37: =I30+I27+I24+I22+I16+I18+I20 -> 6.2857143 | J37: =J30+J27+J24+J22+J16+J18+J20 -> 6.2857143 | K37: =K30+K27+K24+K22+K16+K18+K20 -> 8.7857143 | L37: =L30+L27+L24+L22+L16+L18+L20 -> 8.7857143 | M37: =M30+M27+M24+M22+M16+M18+M20 -> 8.7857143 | N37: =N30+N27+N24+N22+N16+N18+N20 -> 8.7857143 | ... T37: =T30+T27+T24+T22+T16+T18+T20 -> 4.2857143
C38: TARGET RENCANA KUMULATIF | E38: 0 | F38: 0 | G38: =D38+G37 -> 4.2857143 | H38: =G38+H37 -> 10.571429 | I38: =H38+I37 -> 16.857143 | J38: =I38+J37 -> 23.142857 | K38: =J38+K37 -> 31.928571 | L38: =K38+L37 -> 40.714286 | M38: =L38+M37 -> 49.5 | N38: =M38+N37 -> 58.285714 | O38: =N38+O37 -> 67.071429 | ... T38: =S38+T37 -> 100
C39: REALISASI PENCAPAIAN | G39: =G31+G28+G25+G23+G21+G19+G17 -> 8.7928571 | H39: =H31+H28+H25+H23+H21+H19+H17 -> 8.7857143 | I39: =I31+I28+I25+I23+I21+I19+I17 -> 5.5714286 | J39: =J31+J28+J25+J23+J21+J19+J17 -> 5.5714286 | K39: =K31+K28+K25+K23+K21+K19+K17 -> 4.6107143 | L39: =L31+L28+L25+L23+L21+L19+L17 -> 7.4107143 | M39: =M31+M28+M25+M23+M21+M19+M17 -> 8.7857143 | N39: =N31+N28+N25+N23+N21+N19+N17 -> 8.7857143
C40: REALISASI PENCAPAIAN KUMULATIF | E40: 0 | F40: 0 | G40: =G31+G28+G25+G23+G21+G19+G17 -> 8.7928571 | H40: =G40+H39 -> 17.578571 | I40: =H40+I39 -> 23.15 | J40: =I40+J39 -> 28.721429 | K40: =J40+K39 -> 33.332143 | L40: =K40+L39 -> 40.742857 | M40: =L40+M39 -> 49.528571 | N40: =M40+N39 -> 58.314286
C41: SELISIH (+/-) | G41: =G40-G38 -> 4.5071429 | H41: =H40-H38 -> 7.0071429 | I41: =I40-I38 -> 6.2928571 | J41: =J40-J38 -> 5.5785714 | K41: =K40-K38 -> 1.4035714 | L41: =L40-L38 -> 0.028571429 | M41: =M40-M38 -> 0.028571429 | N41: =N40-N38 -> 0.028571429
C44: Disetujui oleh, | H44: Diperiksa oleh, | U44: Gresik, | W44: =COVER!I18 -> 23/8/2026
C45: PT Industri Kemasan Semen Gresik (IKSG) | H45: PT Industri Kemasan Semen Gresik (IKSG) | U45: PT Konsulta Semen Gresik
C52: ( Nalendra Permana, ST) | H52: ( Sunarno, ST ) | U52: ( Ir. Hartono )
C53: GM of Production | H53: SM of Maintenance | U53: Direktur

Sheet CURVA S Rev 1
U3: PT Konsulta Semen Gresik
C4: Semen Indonesia Foundation
B7: MASTER SCHEDULE
C8: PEKERJAAN | D8: : | E8: =COVER!D14 -> PEKERJAAN ASESMENT KAMPUS B UNIVERSITAS INTERNASIONAL SEMEN INDONESIA | U8: Minggu ke :
C9: KONSULTAN | D9: : | E9: PT KONSULTA SEMEN GRESIK | U9: Tanggal:
C10: NOMOR WO/SP | D10: : | E10: =COVER!K5 -> 35/PBJ.12/01-01/08.26
B11: NO | C11: URAIAN PEKERJAAN | D11: BOBOT | E11: 2025 | T11: % | U11: KETERANGAN
E12: September | G12: Oktober | K12: November | O12: Desember
D13: (%) | E13: 1 | F13: =E13+1 -> 2 | G13: =F13+1 -> 3 | H13: =G13+1 -> 4 | I13: =H13+1 -> 5 | J13: =I13+1 -> 6 | K13: 7 | L13: 8 | M13: 9 | N13: 10 | O13: 11 | P13: 12 | Q13: 13 | R13: 14 | S13: 15
B14: I | C14: Konsep arsitektur & 3D Model | U14: Cut Off:
B15: 1 | C15: Pengumpulan Data dan Pemahaman Mendalam (Briefing & Analysis) | D15: 5 | E15: 2 | F15: 3 | T15: =SUM(E15:P15) -> 5 | U15: Minggu 1 : 25 Sept - 28 Sept 2025
B16: 2 | C16: Site Analysis | D16: 2 | E16: 1 | F16: 1 | T16: =SUM(E16:P16) -> 2 | U16: Minggu 2 : 29 Sept - 5 Okt 2025
B17: 3 | C17: Visualisasi dan Pengembangan (Design Development) | D17: 20 | F17: 2.5 | G17: 2.5 | H17: 8 | I17: 7 | T17: =SUM(E17:P17) -> 20 | U17: Minggu 3 : 6 Okt - 12 Okt 2025
B18: 4 | C18: Evaluasi dan Penyempurnaan (Refinement) | D18: 3 | I18: 1 | J18: 1 | K18: 1 | T18: =SUM(E18:P18) -> 3 | U18: Minggu 4 : 13 Okt - 19 Okt 2025
B19: II | C19: FEED (Front End Engineering Design) document | U19: Minggu 5 : 20 Okt - 26 Okt 2025
B20: 1 | C20: Design & spesifikasi MEP, HVAC & SOLAR PANEL | D20: 5 | L20: 1 | M20: 1 | N20: 2 | O20: 1 | T20: =SUM(E20:P20) -> 5 | U20: Minggu 6 : 27 Okt - 2 Nov 2025
B21: 2 | C21: Design & spesifikasi IPAL | D21: 3 | M21: 0.5 | N21: 0.5 | O21: 0.5 | P21: 1 | Q21: 0.5 | T21: =SUM(E21:S21) -> 3 | U21: Minggu 7 : 3 Nov - 9 Nov 2025
B22: 3 | C22: Design CIVIL & Structure | D22: 20 | L22: 1 | M22: 1 | N22: 3 | O22: 5 | P22: 5 | Q22: 5 | T22: =SUM(E22:S22) -> 20 | U22: Minggu 8 : 10 Nov - 16 Nov 2025
B23: 4 | C23: Perencanaan metode konstruksi | D23: 2 | P23: 1 | Q23: 1 | T23: =SUM(E23:S23) -> 2 | U23: Minggu 9 : 17 Nov - 23 Nov 2025
B24: III | C24: Tender document | U24: Minggu 10 : 24 Nov - 30 Nov 2025
B25: 1 | C25: Penyusunan dokumen IFB (Issued For Bid) dengan skema EPC project | D25: 5 | K25: =5/8 -> 0.625 | L25: =5/8 -> 0.625 | M25: =5/8 -> 0.625 | N25: =5/8 -> 0.625 | O25: =5/8 -> 0.625 | P25: =5/8 -> 0.625 | Q25: =5/8 -> 0.625 | R25: =5/8 -> 0.625 | T25: =SUM(E25:S25) -> 5 | U25: Minggu 11 : 1 Des - 7 Des 2025
B26: 2 | C26: Penyusunan ECE ( Engineering Cost Estimate) | D26: 5 | N26: 1 | O26: 1 | P26: 1 | Q26: 1 | R26: 1 | T26: =SUM(E26:S26) -> 5 | U26: Minggu 12 : 8 Des - 14 Des 2025
B27: IV | C27: Report | U27: Minggu 13 : 15 Des - 21 Des 2025
B28: 1 | C28: Laporan TEFS lengkap (aspek teknis, ekonomi, sosial, lingkungan, skema kerjasama). | D28: 30 | J28: 1 | K28: 3 | L28: 4 | M28: 2 | N28: 4 | O28: 5 | P28: 5 | Q28: 2 | R28: 2 | S28: 2 | T28: =SUM(E28:S28) -> 30 | U28: Minggu 14 : 22 Des - 28 Des 2025
U29: Minggu 15 : 29 Des - 31 Des 2025
C30: GRAND TOTAL | D30: =SUM(D15:D28) -> 100 | E30: =SUM(E14:E28) -> 3 | F30: =SUM(F14:F28) -> 6.5 | G30: =SUM(G14:G28) -> 2.5 | H30: =SUM(H14:H28) -> 8 | I30: =SUM(I14:I28) -> 8 | J30: =SUM(J14:J28) -> 2 | K30: =SUM(K14:K28) -> 4.625 | L30: =SUM(L14:L28) -> 6.625 | ... S30: =SUM(S14:S28) -> 2 | T30: =SUM(T15:T28) -> 100
C31: KUMULATIF PROGRESS | D31: 0 | E31: =D31+E30 -> 3 | F31: =E31+F30 -> 9.5 | G31: =F31+G30 -> 12 | H31: =G31+H30 -> 20 | I31: =H31+I30 -> 28 | J31: =I31+J30 -> 30 | K31: =J31+K30 -> 34.625 | L31: =K31+L30 -> 41.25 | ... S31: =R31+S30 -> 100
C35: Disetujui oleh, | I35: Diperiksa oleh, | T35: Gresik, 18 Agustus 2026
C36: Semen Indonesia Foundation | I36: Semen Indonesia Foundation | T36: PT Konsulta Semen Gresik
C43: ( Achmad Fauzan, SE.,MM ) | I43: ( Febrina Puspita Sari ) | T43: =COVER!P36 -> ( Satriawan Gigih Pideksa )
C44: GM HC & GA, Sarana, Governansi & Internal Audit | I44: Kadiv. Perencanaan Pengadaan dan Sarana Prasarana | T44: =COVER!P37 -> Team Leader

Sheet RESUME HARIAN
B5: PT Semen Indonesia (Persero) Tbk. | J5: PT Konsulta Semen Gresik
A7: LAPORAN PROGRESS MINGGUAN
A8: PEKERJAAN | C8: : | D8: =COVER!D14 -> PEKERJAAN ASESMENT KAMPUS B UNIVERSITAS INTERNASIONAL SEMEN INDONESIA | I8: MINGGU KE: | J8: 1
A9: KONSULTAN | C9: : | D9: =COVER!P11 -> PT. KONSULTA SEMEN GRESIK | I9: PERIODE : | J9: 11 November - 16 November 2025
A10: NOMOR SPK | C10: : | D10: =COVER!K5 -> 35/PBJ.12/01-01/08.26
A11: No. | B11: URAIAN PEKERJAAN | C11: UNIT | D11: QTY. | E11: BOBOT (%) | F11: PROGRESS BY COST | I11: PROGRESS BY PHISIK | L11: KET.
F12: UP TO THIS WEEK | I12: UP TO THIS WEEK
F13: MINGGU LALU | G13: MINGGU INI | H13: SAMPAI MINGGU INI | I13: MINGGU LALU (%) | J13: MINGGU INI (%) | K13: SAMPAI MINGGU INI (%)
C15: 1 | D15: lots | E15: 3 | H15: =F15+G15 -> 0 | I15: =F15/E15 -> 0 | J15: =G15/E15 -> 0 | K15: =I15+J15 -> 0
H16: =F16+G16 -> 0 | I16: =F16/E16 -> #DIV/0! | J16: =G16/E16 -> #DIV/0! | K16: =I16+J16 -> #DIV/0!
H17: =F17+G17 -> 0 | I17: =F17/E17 -> #DIV/0! | J17: =G17/E17 -> #DIV/0! | K17: =I17+J17 -> #DIV/0!
H18: =F18+G18 -> 0 | I18: =F18/E18 -> #DIV/0! | J18: =G18/E18 -> #DIV/0! | K18: =I18+J18 -> #DIV/0!
H19: =F19+G19 -> 0 | I19: =F19/E19 -> #DIV/0! | J19: =G19/E19 -> #DIV/0! | K19: =I19+J19 -> #DIV/0!
H20: =F20+G20 -> 0 | I20: =F20/E20 -> #DIV/0! | J20: =G20/E20 -> #DIV/0! | K20: =I20+J20 -> #DIV/0!
H21: =F21+G21 -> 0 | I21: =F21/E21 -> #DIV/0! | J21: =G21/E21 -> #DIV/0! | K21: =I21+J21 -> #DIV/0!
H22: =F22+G22 -> 0 | I22: =F22/E22 -> #DIV/0! | J22: =G22/E22 -> #DIV/0! | K22: =I22+J22 -> #DIV/0!
H23: =F23+G23 -> 0 | I23: =F23/E23 -> #DIV/0! | J23: =G23/E23 -> #DIV/0! | K23: =I23+J23 -> #DIV/0!
Q24: Koordinator
H25: =F25+G25 -> 0 | I25: =F25/E25 -> #DIV/0! | J25: =G25/E25 -> #DIV/0! | K25: =I25+J25 -> #DIV/0! | Q25: Team leader
Q26: Team leader
H27: =F27+G27 -> 0 | I27: =F27/E27 -> #DIV/0! | J27: =G27/E27 -> #DIV/0! | K27: =I27+J27 -> #DIV/0!
B29: GRAND TOTAL | E29: =SUM(E15:E27) -> 3 | F29: =SUM(F15:F28) -> 0 | G29: =SUM(G15:G28) -> 0 | H29: =SUM(H15:H27) -> 0 | I29: =F29/E29 -> 0 | J29: =G29/E29 -> 0 | K29: =H29/E29 -> 0
B30: REALISASI TOTAL BOBOT SAMPAI MINGGU INI | H30: =H29 -> 0
B31: RENCANA TOTAL BOBOT SAMPAI MINGGU INI | H31: =COVER!G19 -> 0
B32: SELISIH TOTAL BOBOT SAMPAI MINGGU INI | H32: =H30-H31 -> 0
B34: Disetujui oleh | F34: Diperiksa oleh, | K34: =COVER!P31 -> Gresik, xxxxxxxxxx
B35: =COVER!D32 -> Semen Indonesia Foundation | F35: =COVER!J32 -> Semen Indonesia Foundation | K35: PT Konsulta Semen Gresik
B41: =COVER!D36 -> ( Achmad Fauzan, SE.,MM ) | F41: =COVER!J36 -> ( Febrina Puspita Sari ) | K41: ='CURVA S Rev 1'!T43 -> ( Satriawan Gigih Pideksa )
B42: =COVER!D37 -> GM HC & GA, Sarana, Governansi & Internal Audit | F42: =COVER!J37 -> Kadiv. Perencanaan Pengadaan dan Sarana Prasarana | K42: Team Leader
